{"stats":{"minecraft:killed":{"minecraft:pig":1},"minecraft:dropped":{"minecraft:wheat_seeds":1},"minecraft:picked_up":{"minecraft:stick":2,"minecraft:lilac":2,"minecraft:wheat_seeds":1,"minecraft:porkchop":3,"minecraft:sand":1,"minecraft:oak_log":4,"minecraft:oak_sapling":2,"minecraft:dirt":27,"minecraft:string":1},"minecraft:used":{"minecraft:lilac":2,"minecraft:oak_log":1,"minecraft:dirt":1,"minecraft:sand":1,"minecraft:oak_sapling":1},"minecraft:killed_by":{"minecraft:skeleton":1,"minecraft:creeper":1,"minecraft:spider":1},"minecraft:mined":{"minecraft:grass":11,"minecraft:grass_block":2,"minecraft:oak_log":1,"minecraft:sand":1,"minecraft:dirt":1,"minecraft:lilac":2,"minecraft:oak_leaves":20},"minecraft:custom":{"minecraft:time_since_rest":11567,"minecraft:damage_taken":1350,"minecraft:play_one_minute":30796,"minecraft:crouch_one_cm":35,"minecraft:walk_one_cm":25661,"minecraft:sprint_one_cm":42633,"minecraft:deaths":5,"minecraft:sneak_time":67,"minecraft:mob_kills":1,"minecraft:drop":1,"minecraft:jump":453,"minecraft:damage_dealt":242,"minecraft:leave_game":11,"minecraft:time_since_death":11545,"minecraft:walk_on_water_one_cm":1204,"minecraft:fly_one_cm":80875,"minecraft:fall_one_cm":22262}},"DataVersion":2586}